,BTree,DynamicPGM,LIPP
fb,1.0161299999999998,0.509401,736.3023333333334
osmc,1.3681766666666666,0.47811433333333336,739.784
books,1.1062066666666668,0.44509533333333334,745.6643333333335
