,BTree,DynamicPGM,LIPP
fb,0.7974256666666667,3.64043,1.8565633333333331
osmc,0.932926,3.36726,1.4583433333333333
books,0.7461663333333334,3.71302,2.45348
