,BTree,DynamicPGM,LIPP
fb,1.1989066666666666,1.9636566666666668,752.5390000000001
osmc,1.5564533333333335,2.11985,727.064
books,1.19212,2.1759500000000003,735.98
